City_ID,City,Country,Lat,Lng,Max Temp,Humidity,Cloudiness,Wind Speed,Current Description
0,Hermanus,ZA,-34.4187,19.2345,59.9,79,98,4.92,overcast clouds
1,Rikitea,PF,-23.1203,-134.9692,73.09,73,6,19.01,clear sky
2,Punta Arenas,CL,-53.15,-70.9167,44.71,53,75,24.16,light rain
3,New Norfolk,AU,-42.7826,147.0587,55.76,81,100,1.92,light rain
4,Mayumba,GA,-3.432,10.6554,76.46,84,98,7.78,overcast clouds
5,San Patricio,US,28.017,-97.5169,78.89,79,100,9.08,moderate rain
6,Mataura,NZ,-46.1927,168.8643,46.47,98,100,2.15,overcast clouds
7,Narsaq,GL,60.9167,-46.05,44.82,34,2,1.54,clear sky
8,Ushuaia,AR,-54.8,-68.3,37.06,87,75,8.05,light rain
9,Puerto Ayora,EC,-0.7393,-90.3518,78.76,82,88,10.4,overcast clouds
10,Namibe,AO,-15.1961,12.1522,64.69,74,16,12.68,few clouds
11,East London,ZA,-33.0153,27.9116,63.54,94,75,16.11,light rain
12,Busselton,AU,-33.65,115.3333,49.08,77,31,11.63,scattered clouds
13,Yellowknife,CA,62.456,-114.3525,47.41,100,98,4.0,overcast clouds
14,Half Moon Bay,US,37.4636,-122.4286,80.92,64,1,0.0,clear sky
15,Faanui,PF,-16.4833,-151.75,79.12,70,74,18.23,broken clouds
16,Bluff,NZ,-46.6,168.3333,46.8,83,100,16.42,light rain
17,Avarua,CK,-21.2078,-159.775,75.25,83,93,9.22,overcast clouds
18,Melilla,ES,35.2937,-2.9383,77.2,73,20,4.61,few clouds
19,Kamenka,RU,51.3223,42.7678,49.77,65,99,4.12,overcast clouds
20,Alice Springs,AU,-23.7,133.8833,62.15,27,0,4.61,clear sky
21,Albany,US,42.6001,-73.9662,63.3,58,3,3.0,clear sky
22,Sal Rei,CV,16.1833,-22.9167,84.4,61,20,13.8,few clouds
23,Kruisfontein,ZA,-34.0033,24.7314,58.89,87,40,10.74,light rain
24,Victoria,HK,22.2855,114.1577,85.96,81,1,5.01,light rain
25,Ishigaki,JP,24.3448,124.1572,81.64,62,10,9.08,clear sky
26,Matay,EG,28.419,30.7792,82.36,30,0,11.5,clear sky
27,Mar Del Plata,AR,-38.0023,-57.5575,62.62,54,0,11.01,clear sky
28,Atuona,PF,-9.8,-139.0333,78.06,71,67,21.56,broken clouds
29,Port Alfred,ZA,-33.5906,26.891,64.8,82,52,12.08,light rain
30,Severo-Kurilsk,RU,50.6789,156.125,49.73,97,100,13.29,overcast clouds
31,Lagoa,PT,39.05,-27.9833,71.4,86,70,14.05,broken clouds
32,Vaini,TO,-21.2,-175.2,73.56,88,40,10.36,scattered clouds
33,Libertador General San Martin,AR,-23.8064,-64.7876,87.53,40,69,3.91,broken clouds
34,Keighley,GB,53.8679,-1.9066,55.58,85,40,3.0,scattered clouds
35,Fairbanks,US,64.8378,-147.7164,31.3,82,90,3.44,overcast clouds
36,San Javier,ES,37.8063,-0.8374,81.63,67,0,3.0,clear sky
37,Uruacu,BR,-14.5247,-49.1408,95.94,28,24,4.79,few clouds
38,Sao Filipe,CV,14.8961,-24.4956,79.09,74,65,4.92,broken clouds
39,Banda Aceh,ID,5.5577,95.3222,78.78,73,100,5.7,overcast clouds
40,Lorengau,PG,-2.0226,147.2712,78.64,79,100,5.82,overcast clouds
41,Fortuna,US,40.5982,-124.1573,61.93,62,75,1.01,broken clouds
42,San Ramon,US,37.7799,-121.978,78.24,37,1,1.01,clear sky
43,Hobart,AU,-42.8794,147.3294,56.12,98,90,4.61,moderate rain
44,Deputatskiy,RU,69.3,139.9,8.13,91,15,1.86,few clouds
45,Ribeira Grande,PT,38.5167,-28.7,75.6,83,40,10.36,scattered clouds
46,Wangou,CN,42.0623,126.9127,41.67,84,43,2.33,scattered clouds
47,Saskylakh,RU,71.9167,114.0833,14.47,99,86,3.87,overcast clouds
48,Bredasdorp,ZA,-34.5322,20.0403,56.28,87,96,6.22,overcast clouds
49,Sobolevo,RU,54.4299,31.8996,44.17,79,27,4.94,scattered clouds
50,Longyearbyen,SJ,78.2186,15.6401,35.44,87,75,3.44,broken clouds
51,Kapaa,US,22.0752,-159.319,75.52,83,75,14.97,moderate rain
52,Kodiak,US,57.79,-152.4072,42.31,70,20,11.5,few clouds
53,Nome,US,64.5011,-165.4064,27.16,86,40,8.05,scattered clouds
54,Dikson,RU,73.5069,80.5464,31.32,77,100,17.83,overcast clouds
55,Qaanaaq,GL,77.484,-69.3632,29.39,94,100,9.35,overcast clouds
56,Maldonado,UY,-34.6667,-54.9167,61.99,57,38,14.65,scattered clouds
57,Bethel,US,41.3712,-73.414,66.07,61,1,7.16,clear sky
58,Alofi,NU,-19.0595,-169.9187,73.29,83,74,11.5,broken clouds
59,Maniitsoq,GL,65.4167,-52.9,39.72,56,95,2.89,overcast clouds
60,Port Lincoln,AU,-34.7333,135.8667,53.02,88,38,8.84,scattered clouds
61,Arak,IR,34.0917,49.6892,68.38,25,16,3.0,few clouds
62,Farah,AF,32.5,62.5,73.53,23,0,4.38,clear sky
63,Hailar,CN,49.2,119.7,32.85,61,6,4.03,clear sky
64,Quatre Cocos,MU,-20.2078,57.7625,73.09,69,91,13.09,overcast clouds
65,Vanimo,PG,-2.6741,141.3028,76.82,93,100,4.72,moderate rain
66,Vardo,NO,70.3705,31.1107,46.6,76,75,20.71,broken clouds
67,Shitanjing,CN,39.2342,106.3439,62.58,24,40,9.64,scattered clouds
68,Bilibino,RU,68.0546,166.4372,-5.55,99,22,5.28,few clouds
69,Nola,IT,40.922,14.5329,75.65,59,4,2.3,clear sky
70,Tuktoyaktuk,CA,69.4541,-133.0374,32.0,93,90,9.22,overcast clouds
71,Kaitangata,NZ,-46.2817,169.8464,47.93,78,100,6.4,overcast clouds
72,Madras,IN,13.0878,80.2785,84.18,79,40,3.44,scattered clouds
73,Yulara,AU,-25.2406,130.9889,67.84,24,4,4.61,clear sky
74,Najran,SA,17.4924,44.1277,84.85,17,79,5.14,broken clouds
75,Kampong Cham,KH,11.9934,105.4635,77.86,88,100,6.69,overcast clouds
76,Georgetown,MY,5.4112,100.3354,80.89,82,20,3.44,few clouds
77,Makubetsu,JP,45.3714,141.8211,58.89,90,100,12.77,overcast clouds
78,Hualmay,PE,-11.0964,-77.6139,68.7,71,33,11.65,scattered clouds
79,Changli,CN,39.7042,119.1506,58.32,74,2,3.69,light rain
80,Dingle,PH,10.9995,122.6711,75.76,91,100,1.9,overcast clouds
81,Butaritari,KI,3.0707,172.7902,81.18,78,100,11.92,overcast clouds
82,Darnah,LY,32.767,22.6367,71.8,63,0,22.44,clear sky
83,Finnsnes,NO,69.2296,17.9811,50.61,75,52,6.29,broken clouds
84,Port Said,EG,31.2565,32.2841,76.17,72,0,13.11,clear sky
85,Bambous Virieux,MU,-20.3428,57.7575,73.22,78,75,12.66,broken clouds
86,Cidreira,BR,-30.1811,-50.2056,72.54,78,100,11.27,overcast clouds
87,Jinotega,NI,13.0917,-86.0018,78.03,59,11,5.35,few clouds
88,Katsuura,JP,35.1333,140.3,64.51,76,50,9.53,scattered clouds
89,Bilma,NE,18.6853,12.9164,91.04,11,2,3.36,clear sky
90,Chokurdakh,RU,70.6333,147.9167,7.65,94,22,5.95,few clouds
91,Hilo,US,19.7297,-155.09,72.39,87,75,6.91,light rain
92,Amahai,ID,-3.3333,128.9167,77.4,86,100,1.74,overcast clouds
93,Upernavik,GL,72.7868,-56.1549,35.06,74,96,29.82,overcast clouds
94,Aykhal,RU,66.0,111.5,27.32,57,59,2.46,broken clouds
95,Saint-Pierre,RE,-21.3393,55.4781,73.08,73,75,10.36,broken clouds
96,Puerto Leguizamo,CO,-0.1934,-74.7819,92.52,45,98,1.32,overcast clouds
97,Barra Patuca,HN,15.8,-84.2833,84.33,71,29,5.75,scattered clouds
98,Sawtell,AU,-30.3833,153.1,57.22,86,84,4.61,broken clouds
99,Laguna,US,38.421,-121.4238,83.01,35,1,1.01,clear sky
100,Thompson,CA,55.7435,-97.8558,60.96,63,20,8.05,few clouds
101,Gari,RU,59.4307,62.3497,32.13,80,53,3.27,broken clouds
102,Nouakchott,MR,18.0858,-15.9785,84.13,69,2,13.06,clear sky
103,Ust-Tsilma,RU,65.441,52.1498,34.56,87,46,1.3,scattered clouds
104,Carnarvon,AU,-24.8667,113.6333,64.47,59,40,19.57,scattered clouds
105,Khatanga,RU,71.9667,102.5,27.27,98,99,2.33,overcast clouds
106,Conceicao Do Araguaia,BR,-8.2578,-49.2647,97.7,29,64,11.92,broken clouds
107,Rovenki,UA,48.0833,39.3776,46.31,51,5,7.05,clear sky
108,Hithadhoo,MV,-0.6,73.0833,82.87,70,27,7.31,scattered clouds
109,Aswan,EG,24.0934,32.907,88.61,21,0,10.98,clear sky
110,Susanville,US,40.4163,-120.653,63.09,27,36,1.01,scattered clouds
111,Naze,JP,28.3667,129.4833,76.28,70,7,12.86,clear sky
112,Sefophe,BW,-22.1833,27.9667,77.5,50,75,11.5,broken clouds
113,Abbeville,FR,50.1,1.8333,60.76,94,100,10.78,overcast clouds
114,Mahebourg,MU,-20.4081,57.7,73.26,78,75,12.66,broken clouds
115,Leningradskiy,RU,69.3833,178.4167,19.65,94,100,6.58,overcast clouds
116,San Cristobal,VE,7.7669,-72.225,80.78,41,64,7.23,broken clouds
117,Banjar,ID,-8.19,114.9675,78.66,82,60,6.29,broken clouds
118,Morgan City,US,29.6994,-91.2068,84.99,79,90,5.75,overcast clouds
119,Sussex,US,41.1834,-74.6663,66.43,58,75,6.91,broken clouds
120,Lavrentiya,RU,65.5833,-171.0,24.6,85,62,9.53,broken clouds
121,Havre,FR,49.5833,0.3333,58.77,77,0,12.66,clear sky
122,Saint George,US,37.1041,-113.5841,74.35,26,1,1.99,clear sky
123,Constitucion,CL,-35.3333,-72.4167,58.19,59,41,12.15,scattered clouds
124,Muncar,ID,-8.4333,114.3333,72.45,88,91,3.22,overcast clouds
125,Xining,CN,36.6167,101.7667,54.55,43,30,1.41,scattered clouds
126,Christchurch,NZ,-43.5333,172.6333,46.02,89,71,1.14,broken clouds
127,Kelo,TD,9.3086,15.8066,79.41,82,85,4.63,overcast clouds
128,Barrow,US,71.2906,-156.7887,30.22,80,90,19.57,light snow
129,Shimoda,JP,34.6667,138.95,64.11,86,18,7.49,few clouds
130,Saint-Philippe,RE,-21.3585,55.7679,72.99,74,36,11.79,scattered clouds
131,Bonavista,CA,48.6499,-53.1147,59.11,95,100,7.29,overcast clouds
132,Cape Town,ZA,-33.9258,18.4232,61.21,63,75,17.27,broken clouds
133,Camacha,PT,33.0833,-16.3333,71.02,68,20,10.36,few clouds
134,Castro,BR,-24.7911,-50.0119,68.56,84,93,6.38,moderate rain
135,Abtenau,AT,47.5637,13.346,60.03,84,85,1.79,overcast clouds
136,Tautira,PF,-17.7333,-149.15,75.22,78,16,19.33,light rain
137,Sitka,US,57.0531,-135.33,51.69,76,90,20.71,moderate rain
138,Tasiilaq,GL,65.6145,-37.6368,42.96,55,40,8.86,scattered clouds
139,Oktyabrskoye,RU,43.0645,44.7417,44.35,93,90,4.47,overcast clouds
140,Wahiawa,US,21.5028,-158.0236,73.76,80,55,6.2,broken clouds
141,Kanchanaburi,TH,14.6333,99.1,77.25,92,35,1.86,light rain
142,Bantva,IN,21.4864,70.0689,78.55,89,22,6.93,few clouds
143,Taoudenni,ML,22.6783,-3.9836,106.07,5,17,4.68,few clouds
144,Winton,US,37.3894,-120.6133,85.33,30,1,3.44,clear sky
145,Linxia,CN,35.6003,103.2064,59.63,58,20,3.96,few clouds
146,Aksarka,RU,66.5606,67.7975,33.15,86,96,12.91,overcast clouds
147,Te Anau,NZ,-45.4167,167.7167,42.46,89,100,1.3,overcast clouds
148,Paita,PE,-5.0892,-81.1144,81.16,64,1,13.42,clear sky
149,Clyde River,CA,70.4692,-68.5914,39.43,81,75,5.75,broken clouds
150,Tamandare,BR,-8.7597,-35.1047,81.54,70,36,10.65,scattered clouds
151,Mitu,CO,1.1983,-70.1733,87.06,59,97,2.13,overcast clouds
152,Safranbolu,TR,41.2508,32.6942,50.25,84,67,3.2,broken clouds
153,Eyl,SO,7.9803,49.8164,79.63,77,56,20.92,broken clouds
154,Fuglebjerg,DK,55.306,11.5477,58.51,63,100,17.05,overcast clouds
155,Vestmannaeyjar,IS,63.4427,-20.2734,50.99,71,0,8.05,clear sky
156,Sayyan,YE,15.1718,44.3244,69.76,27,99,9.84,overcast clouds
157,Rio Negrinho,BR,-26.2544,-49.5183,63.95,99,100,4.23,overcast clouds
158,Tefe,BR,-3.3542,-64.7114,89.71,66,20,0.4,few clouds
159,Port Macquarie,AU,-31.4333,152.9167,55.89,88,92,4.45,overcast clouds
160,Wilmington,US,34.2257,-77.9447,84.92,49,1,9.22,clear sky
161,Saldanha,ZA,-33.0117,17.9442,58.05,81,1,25.77,clear sky
162,Arraial Do Cabo,BR,-22.9661,-42.0278,75.06,73,75,23.02,broken clouds
163,Airai,TL,-8.9266,125.4092,60.53,76,90,0.78,overcast clouds
164,Port Elizabeth,ZA,-33.918,25.5701,61.11,100,75,12.66,light rain
165,Flin Flon,CA,54.7682,-101.865,62.44,48,40,8.05,scattered clouds
166,Lakhimpur,IN,27.95,80.7667,78.75,86,85,4.85,overcast clouds
167,Asau,RO,46.4333,26.4,50.76,53,49,0.43,scattered clouds
168,Hameenlinna,FI,60.996,24.4643,50.34,93,88,7.38,overcast clouds
169,Noumea,NC,-22.2763,166.4572,77.0,99,98,9.19,moderate rain
170,Broome,US,42.2506,-75.833,62.02,64,90,3.0,overcast clouds
171,Havelock,US,34.8791,-76.9013,80.98,62,75,1.99,broken clouds
172,Gizo,SB,-8.103,156.8419,81.57,77,100,1.81,overcast clouds
173,Nanortalik,GL,60.1432,-45.2371,42.26,48,0,5.55,clear sky
174,Itarema,BR,-2.9248,-39.9167,86.7,57,32,19.89,scattered clouds
175,Ponta Do Sol,PT,32.6667,-17.1,77.13,66,4,4.94,clear sky
176,Souillac,MU,-20.5167,57.5167,73.36,78,75,12.66,broken clouds
177,Ust-Maya,RU,60.4167,134.5333,34.66,99,100,1.79,light rain
178,Manggar,ID,-2.8833,108.2667,76.91,81,100,1.86,overcast clouds
179,Pangoa,PE,-12.1167,-73.0,92.32,35,10,5.93,clear sky
180,Wagar,SD,16.1525,36.2032,99.48,19,68,1.63,broken clouds
181,Viedma,AR,-40.8135,-62.9967,67.08,17,5,11.88,clear sky
182,Sembakung,ID,3.8167,117.25,73.58,96,99,1.3,overcast clouds
183,Iqaluit,CA,63.7506,-68.5145,33.53,80,40,3.44,scattered clouds
184,Jamestown,US,42.097,-79.2353,65.17,60,5,4.18,clear sky
185,Bengkulu,ID,-3.8004,102.2655,76.77,87,100,2.35,overcast clouds
186,Baruun-Urt,MN,46.6806,113.2792,36.5,50,44,3.49,scattered clouds
187,Ilulissat,GL,69.2167,-51.1,30.22,64,75,4.61,broken clouds
188,Provideniya,RU,64.3833,-173.3,22.23,83,13,8.08,few clouds
189,Bubaque,GW,11.2833,-15.8333,83.59,71,22,5.48,few clouds
190,Gamba,GA,-2.65,10.0,76.71,81,98,7.4,overcast clouds
191,Chingirlau,KZ,51.095,54.0814,47.57,63,100,3.94,overcast clouds
192,Trollhattan,SE,58.2333,12.4167,55.47,91,90,7.0,overcast clouds
193,Palu,ID,-0.8917,119.8707,75.33,97,100,1.57,overcast clouds
194,Atar,MR,20.5169,-13.0499,104.54,13,17,13.09,few clouds
195,Aklavik,CA,68.2191,-135.0107,34.63,96,99,0.92,overcast clouds
196,Mayo,US,38.8876,-76.5119,72.39,54,1,1.01,clear sky
197,Melchor De Mencos,GT,17.0686,-89.1522,89.6,62,20,4.61,few clouds
198,Sipe Sipe,BO,-17.45,-66.3833,82.89,22,7,4.88,clear sky
199,Solnechnyy,RU,50.7214,136.6319,38.62,65,0,5.01,clear sky
200,Izhma,RU,65.0083,53.9113,34.09,74,80,2.15,broken clouds
201,Shache,CN,38.4167,77.2406,74.25,14,4,6.78,clear sky
202,Waipawa,NZ,-41.4122,175.5153,52.03,91,25,4.09,scattered clouds
203,Port Keats,AU,-14.25,129.55,78.28,87,3,7.99,clear sky
204,Makakilo City,US,21.3469,-158.0858,75.56,73,1,6.91,clear sky
205,Puerto Baquerizo Moreno,EC,-0.9,-89.6,74.39,78,40,16.11,scattered clouds
206,Natal,BR,-5.795,-35.2094,86.65,62,40,19.57,scattered clouds
207,Adrar,MR,20.5022,-10.0711,101.01,15,45,10.25,scattered clouds
208,Vagur,FO,61.4732,-6.8119,48.58,92,64,21.39,broken clouds
209,Mountain Home,US,43.133,-115.6912,58.57,35,1,6.91,clear sky
210,Sorland,NO,67.667,12.6934,53.67,80,99,23.2,overcast clouds
211,Douentza,ML,14.9951,-2.9517,98.65,24,21,9.93,few clouds
212,Caravelas,BR,-17.7125,-39.2481,83.23,56,1,11.03,clear sky
213,Klaksvik,FO,62.2266,-6.589,52.72,98,60,17.58,broken clouds
214,Faya,SA,18.3851,42.4509,68.11,60,95,4.88,overcast clouds
215,Omboue,GA,-1.5746,9.2618,77.72,80,100,8.59,overcast clouds
216,Ancud,CL,-41.8697,-73.8203,47.73,95,100,27.27,moderate rain
217,Eureka,US,40.8021,-124.1637,62.2,71,54,3.87,broken clouds
218,Prieska,ZA,-29.6641,22.7474,72.16,16,9,19.57,clear sky
219,Korla,CN,41.7597,86.1469,70.52,25,0,8.75,clear sky
220,Helsinki,FI,60.1695,24.9355,52.77,86,75,1.99,broken clouds
221,Chuy,UY,-33.6971,-53.4616,65.53,71,19,16.08,few clouds
222,Kramat,ID,-8.1311,113.4499,72.16,87,100,0.51,overcast clouds
223,Lokosovo,RU,61.1333,74.8167,33.49,91,99,12.12,overcast clouds
224,Nunchia,CO,5.6406,-72.1986,82.62,73,90,3.18,overcast clouds
225,Dahra,DZ,36.2546,0.8519,79.99,55,95,7.02,overcast clouds
226,Huarmey,PE,-10.0681,-78.1522,69.93,74,31,11.79,scattered clouds
227,Seymchan,RU,62.8833,152.4333,30.67,98,100,3.49,snow
228,Sharya,RU,58.3686,45.5144,47.26,87,100,4.36,overcast clouds
229,Kiama,AU,-34.6833,150.8667,56.44,85,44,1.99,scattered clouds
230,Beringovskiy,RU,63.05,179.3167,22.41,80,15,9.01,few clouds
231,Shirokiy,RU,49.758,129.523,34.66,73,21,3.13,few clouds
232,Westport,US,41.1415,-73.3579,68.2,55,20,3.0,few clouds
233,Santa Rosalia,MX,27.3167,-112.2833,79.41,57,0,4.68,clear sky
234,Batagay-Alyta,RU,67.8006,130.4114,20.66,74,6,3.8,clear sky
235,Kahului,US,20.8947,-156.47,76.26,77,20,11.5,few clouds
236,Lebu,CL,-37.6167,-73.65,54.3,80,98,16.02,overcast clouds
237,Coari,BR,-4.085,-63.1414,90.73,52,97,2.82,overcast clouds
238,Nishihara,JP,26.1842,127.7558,80.65,80,20,3.44,few clouds
239,Hami,CN,42.8,93.45,62.94,37,66,23.04,broken clouds
240,Tauranga,NZ,-37.6861,176.1667,51.94,63,33,7.0,scattered clouds
241,Zhigalovo,RU,54.8097,105.1578,29.48,83,21,2.59,few clouds
242,Benito Juarez,MX,19.385,-99.165,71.42,50,40,3.0,scattered clouds
243,Kalmunai,LK,7.4167,81.8167,76.26,88,100,3.65,overcast clouds
244,Shelburne,CA,44.0787,-80.2041,63.12,62,67,5.08,broken clouds
245,Ampanihy,MG,-24.7,44.75,75.4,55,8,8.61,clear sky
246,Qarqin,AF,37.4185,66.0436,68.7,30,0,21.3,clear sky
247,Taveta,KE,-3.3963,37.6736,75.13,54,83,13.24,broken clouds
248,Lobez,PL,53.6392,15.6213,58.32,63,100,10.49,overcast clouds
249,Ossora,RU,59.2353,163.0719,38.68,92,100,5.28,overcast clouds
250,Farim,GW,12.4839,-15.2217,90.32,64,74,2.62,broken clouds
251,Pathein,MM,16.7833,94.7333,78.73,88,42,5.91,moderate rain
252,Teixoso,PT,40.3145,-7.4576,77.2,37,100,3.67,overcast clouds
253,Sabha,LY,27.0377,14.4283,81.27,27,0,9.44,clear sky
254,Anadyr,RU,64.75,177.4833,10.9,92,0,11.18,clear sky
255,Winnemucca,US,40.973,-117.7357,60.85,17,1,8.05,clear sky
256,Flinders,AU,-34.5833,150.8552,57.2,88,28,1.01,scattered clouds
257,Geraldton,AU,-28.7667,114.6,60.13,67,75,14.97,broken clouds
258,Yaring,TH,6.8662,101.3689,80.62,81,100,1.28,overcast clouds
259,Havoysund,NO,70.9963,24.6622,48.43,70,84,24.25,broken clouds
260,College,US,64.8569,-147.8028,31.28,81,75,3.44,broken clouds
261,Baykit,RU,61.67,96.37,38.26,99,100,1.88,light rain
262,Iberia,US,29.9502,-91.7507,84.16,78,75,8.05,broken clouds
263,Chapais,CA,49.7834,-74.8492,53.38,47,6,7.52,clear sky
264,Alihe,CN,50.5667,123.7167,31.5,84,81,2.06,broken clouds
265,Kavieng,PG,-2.5744,150.7967,81.99,69,99,4.56,overcast clouds
266,Tungor,RU,53.3808,142.9564,41.52,74,0,9.84,clear sky
267,Vaxjo,SE,56.8777,14.8091,53.65,82,90,10.36,overcast clouds
268,Sembe,CG,1.6481,14.5806,72.19,98,100,2.66,light rain
269,Merauke,ID,-8.4667,140.3333,76.44,89,100,8.93,overcast clouds
270,Manadhoo,MV,5.7667,73.3833,80.8,80,100,14.38,overcast clouds
271,Coquimbo,CL,-29.9533,-71.3436,64.13,59,0,17.27,clear sky
272,Ukiah,US,39.1502,-123.2078,82.02,39,1,0.0,clear sky
273,Abong Mbang,CM,3.9833,13.1833,67.37,99,100,2.57,overcast clouds
274,Liverpool,GB,53.4106,-2.9779,57.69,63,40,1.01,scattered clouds
275,Margate,GB,51.3813,1.3862,60.66,87,61,1.99,broken clouds
276,Kibala,TD,9.1104,18.3463,82.35,69,20,0.0,thunderstorm
277,Lima,PE,-12.0432,-77.0282,63.14,77,90,14.97,overcast clouds
278,Husavik,IS,66.0449,-17.3389,44.51,98,100,14.83,overcast clouds
279,Palimbang,PH,6.2106,124.1894,78.73,86,100,3.27,overcast clouds
280,Hovd,MN,48.0056,91.6419,36.86,37,0,15.28,clear sky
281,Tateyama,JP,34.9833,139.8667,64.42,77,28,6.46,scattered clouds
282,Aparecida Do Taboado,BR,-20.0867,-51.0936,92.46,32,40,5.28,scattered clouds
283,Aseri,EE,59.4506,26.8675,49.28,80,100,8.34,overcast clouds
284,Kotelnikovo,RU,47.6317,43.1461,48.2,43,0,8.52,clear sky
285,Ust-Kut,RU,56.7938,105.7672,29.07,89,29,2.64,scattered clouds
286,Port Hedland,AU,-20.3167,118.5667,73.45,78,0,14.97,clear sky
287,Port Hardy,CA,50.6996,-127.4199,48.38,93,75,5.75,mist
288,Galyugayevskaya,RU,43.6969,44.9344,50.56,81,100,4.5,overcast clouds
289,Shieli,KZ,44.1667,66.75,46.99,42,77,8.41,broken clouds
290,Esperance,AU,-33.8667,121.9,57.04,88,92,14.81,light rain
291,Naruja,GE,41.9069,41.9542,59.32,95,98,2.66,overcast clouds
292,Uyuni,BO,-20.4597,-66.825,64.81,15,34,14.41,scattered clouds
293,Gisborne,NZ,-38.6533,178.0042,42.94,86,3,5.21,clear sky
294,Guerrero Negro,MX,27.9769,-114.0611,75.31,63,0,2.95,clear sky
295,Maraba,BR,-5.3686,-49.1178,93.38,49,40,4.61,scattered clouds
296,Erdenet,MN,49.0333,104.0833,38.55,86,100,4.0,moderate rain
297,Savalou,BJ,7.9281,1.9756,81.12,81,66,3.4,light rain
298,Mocuba,MZ,-16.8392,36.9856,76.32,58,27,7.99,scattered clouds
299,Tomatlan,MX,19.9333,-105.25,78.19,84,100,2.68,overcast clouds
300,Sur,OM,22.5667,59.5289,85.44,71,100,9.71,overcast clouds
301,Sibolga,ID,1.7427,98.7792,76.77,81,100,2.75,overcast clouds
302,Severnyy,RU,50.677,36.5532,44.64,81,0,6.71,clear sky
303,Manta,EC,-0.95,-80.7333,76.78,78,75,9.22,broken clouds
304,Adolfo Lopez Mateos,MX,28.4667,-107.3,63.93,41,0,5.55,clear sky
305,Lunino,RU,53.5918,45.2271,50.92,84,55,2.06,broken clouds
306,Kelc,CZ,49.4784,17.8153,57.96,63,66,4.68,broken clouds
307,Borger,NL,52.9233,6.7931,60.96,78,100,13.91,light rain
308,Pacific Grove,US,36.6177,-121.9166,83.16,54,1,1.01,clear sky
309,Upata,VE,8.0086,-62.3989,88.97,40,42,6.64,scattered clouds
310,Stepnogorsk,KZ,52.3544,71.8869,35.28,82,99,15.1,overcast clouds
311,Dhadar,IN,28.3305,75.0632,90.14,49,92,6.2,overcast clouds
312,Norman Wells,CA,65.282,-126.8329,39.24,87,75,8.05,broken clouds
313,Manavgat,TR,36.7867,31.4431,73.81,61,0,0.76,clear sky
314,Estelle,US,29.8458,-90.1067,87.06,64,75,12.66,broken clouds
315,Zheshart,RU,62.0731,49.5733,43.81,95,100,3.69,overcast clouds
316,Redcliffe,AU,-27.2307,153.0973,58.14,67,45,5.75,fog
317,East Massapequa,US,40.6734,-73.4365,69.33,48,75,7.0,broken clouds
318,Sao Felix Do Xingu,BR,-6.6447,-51.995,93.49,41,72,1.92,broken clouds
319,Hofn,IS,64.2539,-15.2082,53.62,62,40,11.5,scattered clouds
320,Tual,ID,-5.6667,132.75,80.13,84,91,11.05,overcast clouds
321,Yuli,NG,9.6989,10.2744,82.63,70,100,4.7,overcast clouds
322,Tura,IN,25.5198,90.2201,75.51,88,59,1.5,broken clouds
323,Wewak,PG,-3.5534,143.6268,76.08,94,100,3.74,moderate rain
324,Vanavara,RU,60.34,102.2797,30.24,84,81,3.71,broken clouds
325,Los Andes,CL,-32.8337,-70.5983,74.01,24,3,6.26,clear sky
326,Beroroha,MG,-21.6667,45.1667,79.39,59,34,2.01,light rain
327,Araouane,ML,18.9048,-3.5265,101.44,12,78,8.7,broken clouds
328,Lulea,SE,65.5842,22.1547,48.27,93,75,17.27,broken clouds
329,Coruripe,BR,-10.1256,-36.1756,82.26,68,19,14.14,few clouds
330,Mount Gambier,AU,-37.8333,140.7667,53.51,100,90,10.36,overcast clouds
331,Bara,NG,10.3744,10.7288,84.52,58,77,5.64,broken clouds
332,Rawlins,US,41.7911,-107.2387,54.34,61,1,5.75,clear sky
333,Meulaboh,ID,4.1363,96.1285,76.06,84,100,4.72,overcast clouds
334,Buraydah,SA,26.326,43.975,88.25,12,4,2.62,clear sky
335,Lata,PT,40.1629,-8.3327,71.04,61,100,6.49,overcast clouds
336,Along,IN,28.1667,94.7667,73.6,98,26,0.78,scattered clouds
337,Marsa Matruh,EG,31.3525,27.2453,73.94,64,22,11.1,few clouds
338,Talnakh,RU,69.4865,88.3972,20.37,94,86,1.86,overcast clouds
339,Nelson Bay,AU,-32.7167,152.15,57.96,94,86,8.81,overcast clouds
340,Rovnoye,RU,50.7765,46.0509,50.86,65,11,5.48,few clouds
341,Labuhan,ID,-6.8844,112.2051,78.53,72,99,7.76,overcast clouds
342,Kuusamo,FI,65.9667,29.1833,42.84,81,0,9.22,clear sky
343,Cabo San Lucas,MX,22.8909,-109.9124,89.62,60,1,1.01,clear sky
344,Nogliki,RU,51.8333,143.1667,43.92,77,0,10.8,clear sky
345,Rurrenabaque,BO,-14.4413,-67.5278,98.49,44,40,4.61,scattered clouds
346,Kawalu,ID,-7.3817,108.2082,70.05,93,100,1.68,overcast clouds
347,Toyooka,JP,35.5333,134.8333,65.1,80,37,6.38,scattered clouds
348,La Tuque,CA,47.4334,-72.7824,53.85,54,51,11.5,broken clouds
349,Sisimiut,GL,66.9395,-53.6735,39.34,52,78,5.17,broken clouds
350,Itupiranga,BR,-5.1347,-49.3267,93.52,54,65,1.28,broken clouds
351,Lastoursville,GA,-0.8143,12.7287,74.26,96,100,2.1,moderate rain
352,Komsomolskiy,UZ,40.4272,71.7189,63.32,45,98,2.3,overcast clouds
353,La Ronge,CA,55.1001,-105.2842,62.85,39,20,4.61,few clouds
354,Robertsport,LR,6.7533,-11.3686,81.73,75,68,9.57,broken clouds
355,Sao Joao Da Barra,BR,-21.6403,-41.0511,80.69,79,71,14.83,broken clouds
356,Kutum,SD,14.2,24.6667,85.62,17,2,5.93,clear sky
357,Soe,ID,-9.8607,124.284,65.77,78,27,2.82,scattered clouds
358,Teknaf,BD,20.8624,92.3058,80.37,87,16,4.76,few clouds
359,Tocopilla,CL,-22.092,-70.1979,67.55,67,16,11.32,few clouds
360,Kargasok,RU,59.0556,80.8572,31.48,92,96,8.55,overcast clouds
361,Tarko-Sale,RU,64.9225,77.785,30.96,97,100,21.09,light snow
362,Yerbogachen,RU,61.2767,108.0108,35.91,65,100,3.27,overcast clouds
363,Pirenopolis,BR,-15.8525,-48.9592,91.89,39,75,1.07,broken clouds
364,Stornoway,GB,58.2093,-6.3865,54.93,87,40,19.57,light intensity shower rain
365,Angoche,MZ,-16.2325,39.9086,76.84,76,1,7.02,clear sky
366,Yabassi,CM,4.457,9.9682,74.12,99,100,1.97,overcast clouds
367,North Platte,US,41.1239,-100.7654,66.99,73,90,4.0,overcast clouds
368,Coro,VE,11.4045,-69.6734,88.3,58,90,11.72,overcast clouds
369,Changji,CN,44.0167,87.3167,48.99,71,75,4.47,broken clouds
370,Stabat,ID,3.761,98.4513,77.2,86,100,2.39,overcast clouds
371,Conceicao Da Barra,BR,-18.5933,-39.7322,83.25,57,6,10.96,clear sky
372,Punta Alta,AR,-38.8759,-62.0736,64.29,29,23,3.6,few clouds
373,Gushikawa,JP,26.3544,127.8686,80.6,87,1,0.0,clear sky
374,Mukerian,IN,31.9506,75.6158,80.89,66,66,5.06,broken clouds
375,Niltepec,MX,16.5667,-94.6167,88.56,60,100,2.37,overcast clouds
376,Kununurra,AU,-15.7667,128.7333,73.38,83,4,0.0,clear sky
377,Muli,MV,2.9167,73.5667,83.05,73,95,11.3,overcast clouds
378,Erattupetta,IN,9.7,76.7833,78.1,97,97,1.63,overcast clouds
379,Soria,ES,41.6667,-2.6667,66.0,34,26,8.25,scattered clouds
380,Boone,US,39.0334,-92.3335,74.86,59,86,10.76,overcast clouds
381,Ust-Omchug,RU,61.15,149.6333,29.53,98,100,2.28,snow
382,Saint-Michel-Des-Saints,CA,46.6834,-73.9159,49.93,48,82,9.86,broken clouds
383,San Vicente,AR,-26.6167,-54.1333,63.86,98,100,2.13,light rain
384,Boa Vista,BR,2.8197,-60.6733,93.18,46,75,11.5,broken clouds
385,Hamilton,US,39.1834,-84.5333,77.76,47,1,1.01,clear sky
386,Neyyattinkara,IN,8.4,77.0833,80.46,94,100,2.39,overcast clouds
387,Houma,US,29.5958,-90.7195,84.99,79,98,11.36,overcast clouds
388,Tiksi,RU,71.6872,128.8694,27.93,82,48,6.17,scattered clouds
389,Tessalit,ML,20.1986,1.0114,98.65,8,56,14.7,broken clouds
390,Manitouwadge,CA,49.1215,-85.8403,64.18,77,100,7.02,overcast clouds
391,Olafsvik,IS,64.8945,-23.7142,44.89,90,98,28.74,overcast clouds
392,Sakakah,SA,29.9697,40.2064,94.57,12,0,13.2,clear sky
393,Iskateley,RU,67.6803,53.1512,34.34,81,18,5.73,few clouds
394,Cap Malheureux,MU,-19.9842,57.6142,73.47,68,87,5.99,overcast clouds
395,Ruteng,ID,-8.6136,120.4721,62.44,90,98,3.56,overcast clouds
396,Kosjeric,RS,43.9961,19.9069,58.59,79,0,0.0,clear sky
397,Pijijiapan,MX,15.7011,-93.23,86.81,68,10,6.51,clear sky
398,Manono,CD,-7.3,27.4167,79.75,55,100,5.14,overcast clouds
399,Candolim,IN,15.5181,73.7626,80.02,87,14,7.09,few clouds
400,Erzin,TR,36.9559,36.2,77.52,50,0,3.2,clear sky
401,Antsohihy,MG,-14.8796,47.9875,77.54,64,44,1.39,scattered clouds
402,Hambantota,LK,6.1241,81.1185,77.27,86,100,2.59,overcast clouds
403,Sarh,TD,9.1429,18.3923,82.31,69,20,0.0,thunderstorm
404,Lagos,NG,6.5833,3.75,78.49,85,98,5.68,overcast clouds
405,Namatanai,PG,-3.6667,152.4333,80.28,77,100,3.96,overcast clouds
406,Mayskiy,RU,47.6931,40.1025,56.44,42,2,10.42,clear sky
407,Nikolskoye,RU,59.7035,30.7861,50.81,84,94,4.54,overcast clouds
408,Pedasi,PA,7.5333,-80.0333,79.07,76,70,9.42,broken clouds
409,Urumqi,CN,43.801,87.6005,45.55,71,75,4.47,broken clouds
410,Lensk,RU,60.7253,114.9278,28.85,89,52,3.98,broken clouds
411,Kaeo,NZ,-35.1,173.7833,45.32,92,82,2.1,broken clouds
412,Khandyga,RU,62.6667,135.6,34.05,73,100,3.51,overcast clouds
413,Buta,CD,2.7858,24.73,72.93,97,100,1.66,overcast clouds
414,Madimba,TZ,-10.4,40.3333,75.13,79,12,9.42,few clouds
415,Seoul,KR,37.5683,126.9778,65.64,88,96,0.49,overcast clouds
416,Kwale,NG,5.7063,6.4374,77.27,90,99,4.36,moderate rain
417,Tangwani,PK,28.2787,68.9972,87.73,54,72,5.01,broken clouds
418,El Carmen,CO,8.5106,-73.4478,77.79,78,76,1.52,broken clouds
419,Leshukonskoye,RU,64.8989,45.7622,43.36,95,100,3.56,overcast clouds
420,Lompoc,US,34.6391,-120.4579,90.12,35,1,0.0,fog
421,Kathu,TH,7.9178,98.3332,84.69,99,92,5.3,overcast clouds
422,Muzambinho,BR,-21.3758,-46.5256,86.88,33,31,9.42,scattered clouds
423,Okhotsk,RU,59.3833,143.3,35.85,92,100,4.7,overcast clouds
424,Arkhara,RU,49.4212,130.0842,35.6,73,8,3.53,clear sky
425,Bereda,ES,43.2686,-7.5406,68.41,96,100,2.26,overcast clouds
426,Mlonggo,ID,-6.5333,110.7,79.52,72,83,1.77,broken clouds
427,Avera,US,33.194,-82.5271,83.71,55,83,5.3,broken clouds
428,Alegrete,BR,-29.7831,-55.7919,70.45,68,100,11.65,overcast clouds
429,Jinchang,CN,38.4953,102.1739,65.95,21,1,4.38,clear sky
430,Lasa,IT,46.6166,10.7002,61.68,86,60,3.69,broken clouds
431,Miri,MY,4.4148,114.0089,78.94,94,40,8.05,scattered clouds
432,Cubuk,TR,40.2386,33.0322,58.6,54,0,12.66,clear sky
433,Bandarbeyla,SO,9.4942,50.8122,79.2,81,85,16.62,overcast clouds
434,Casablanca,MA,33.5928,-7.6192,80.82,78,40,10.0,scattered clouds
435,Liaocheng,CN,36.4439,115.9647,64.0,94,0,3.94,light rain
436,Terney,RU,45.0503,136.6092,48.7,78,4,6.96,clear sky
437,Oriximina,BR,-1.7656,-55.8661,89.37,53,37,2.71,scattered clouds
438,Acajutla,SV,13.5928,-89.8275,83.97,72,4,5.59,clear sky
439,Juneau,US,58.3019,-134.4197,46.45,95,90,28.77,light rain
440,Kumluca,TR,36.3703,30.2869,74.88,57,23,3.87,few clouds
441,Mehamn,NO,71.0357,27.8492,48.38,66,75,20.71,broken clouds
442,Chachapoyas,PE,-6.2317,-77.869,71.82,44,31,2.35,light rain
443,Raudeberg,NO,61.9875,5.1352,58.78,69,93,3.0,light rain
444,Samarai,PG,-10.6167,150.6667,79.9,85,73,6.04,broken clouds
445,Enshi,CN,30.3,109.4833,69.12,83,22,0.58,light rain
446,Visnes,NO,59.3556,5.2242,58.21,82,75,19.57,broken clouds
447,Orumiyeh,IR,37.5527,45.0761,54.95,71,20,4.61,few clouds
448,Bonthe,SL,7.5264,-12.505,82.49,75,84,8.12,light rain
449,Mbekenyera,TZ,-10.0,38.9833,72.21,79,35,9.31,scattered clouds
450,Pangnirtung,CA,66.1451,-65.7125,32.0,86,1,3.44,clear sky
451,Hasaki,JP,35.7333,140.8333,64.8,75,85,22.7,overcast clouds
452,Kyren,RU,51.6828,102.1408,39.79,95,100,1.9,overcast clouds
453,Pisco,PE,-13.7,-76.2167,67.01,82,20,10.36,few clouds
454,Am Timan,TD,11.0297,20.2827,82.49,61,26,5.82,scattered clouds
455,Perth,AU,-31.9333,115.8333,55.18,92,75,4.61,heavy intensity shower rain
456,Maunabo,PR,18.0072,-65.8993,93.04,75,6,7.2,clear sky
457,Muros,ES,42.7762,-9.0603,68.99,91,100,1.28,overcast clouds
458,Muravlenko,RU,63.7898,74.523,31.33,97,100,18.34,light snow
459,Zhigansk,RU,66.7697,123.3711,29.75,78,22,11.18,few clouds
460,Port Lavaca,US,28.615,-96.6261,77.31,94,1,3.44,light intensity drizzle
461,Coihaique,CL,-45.5752,-72.0662,41.61,93,90,4.61,light rain
462,Katangli,RU,51.7102,143.2326,42.84,78,0,10.27,clear sky
463,Vaike-Maarja,EE,59.1264,26.25,46.49,87,100,5.03,overcast clouds
464,Mandeville,JM,18.0417,-77.5071,80.65,51,8,5.46,clear sky
465,Namtsy,RU,62.7161,129.6658,26.71,71,100,3.67,overcast clouds
466,Mora,CM,11.0461,14.1401,85.91,36,83,3.06,broken clouds
467,Weatherford,US,32.7593,-97.7972,74.8,88,100,1.99,overcast clouds
468,Emerald,AU,-23.5333,148.1667,62.98,39,87,8.95,overcast clouds
469,Cayenne,GF,4.9333,-52.3333,89.64,73,0,4.0,clear sky
470,Alakurtti,RU,66.9672,30.3491,44.64,81,99,4.38,overcast clouds
471,Chicama,PE,-7.8447,-79.1469,63.14,57,49,9.82,scattered clouds
472,Tabuk,PH,17.4189,121.4443,75.04,92,86,2.15,overcast clouds
473,San Joaquin,US,37.9333,-121.3011,80.78,40,1,0.0,clear sky
474,General Pico,AR,-35.6566,-63.7568,69.19,29,0,4.68,clear sky
475,Udachnyy,RU,66.4167,112.4,29.55,60,25,2.84,scattered clouds
476,Canico,PT,32.6333,-16.85,77.13,68,20,25.32,few clouds
477,Chifeng,CN,42.2683,118.9636,50.52,52,25,4.72,scattered clouds
478,Dalbandin,PK,28.8947,64.4101,83.37,44,86,8.14,overcast clouds
479,Calama,CL,-22.4667,-68.9333,75.69,7,0,13.8,clear sky
480,Nyuzen,JP,36.9333,137.5,67.46,84,99,8.66,overcast clouds
481,Nago,JP,26.5881,127.9761,81.45,82,5,7.94,clear sky
482,Pemba,MZ,-12.974,40.5178,77.83,77,6,10.45,clear sky
483,Poum,NC,-20.2333,164.0167,74.05,77,100,19.22,overcast clouds
484,Ostrovnoy,RU,68.0531,39.5131,43.99,84,100,4.79,overcast clouds
485,Belyy Yar,RU,53.6039,91.3903,40.89,75,0,11.18,clear sky
486,Svirsk,RU,53.0858,103.3325,37.72,73,100,8.1,overcast clouds
487,Strelka,RU,58.0728,93.0344,36.46,94,100,5.46,overcast clouds
488,Henties Bay,NA,-22.116,14.2845,57.85,81,0,11.95,clear sky
489,Tahta,EG,26.7693,31.5021,84.92,28,0,13.09,clear sky
490,Cascais,PT,38.6979,-9.4215,73.26,63,20,7.0,few clouds
491,Chongwe,ZM,-15.3292,28.682,78.33,30,3,5.91,clear sky
492,Port-Gentil,GA,-0.7193,8.7815,78.03,83,98,14.74,overcast clouds
493,Longfeng,CN,46.55,125.1167,43.03,54,4,5.7,clear sky
494,Voineasa,RO,44.2833,24.1333,58.35,44,0,5.75,clear sky
495,Los Llanos De Aridane,ES,28.6585,-17.9182,73.15,83,75,14.97,volcanic ash
496,Chiredzi,ZW,-21.05,31.6667,81.73,31,0,9.35,clear sky
497,Tashtagol,RU,52.7657,87.8894,34.83,98,100,6.71,light rain
498,Vostok,RU,46.4856,135.8833,36.68,81,5,3.13,clear sky
499,Coahuayana,MX,18.7333,-103.6833,89.08,66,91,3.06,overcast clouds
500,Methven,NZ,-43.6333,171.65,42.46,100,83,5.21,broken clouds
501,Anloga,GH,5.7947,0.8973,80.65,78,55,13.18,broken clouds
502,Richards Bay,ZA,-28.783,32.0377,74.43,63,100,6.15,overcast clouds
503,Alappuzha,IN,9.49,76.3264,79.9,86,100,6.46,overcast clouds
504,Torbay,CA,47.6666,-52.7314,63.75,98,90,6.91,fog
505,Krasnogorskiy,RU,54.6025,61.231,40.26,77,100,5.88,overcast clouds
506,Vysha,RU,53.8477,42.3777,45.59,77,28,3.49,scattered clouds
507,Coaticook,CA,45.1334,-71.7991,56.8,63,98,11.32,overcast clouds
508,Zhezkazgan,KZ,47.8043,67.7144,42.06,51,54,7.25,broken clouds
509,Inhambane,MZ,-23.865,35.3833,73.38,83,20,8.05,few clouds
510,Amga,RU,60.8953,131.9608,33.58,98,100,4.12,light rain
511,Chalchihuites,MX,23.4833,-103.8833,66.36,61,99,2.21,overcast clouds
512,Praia Da Vitoria,PT,38.7333,-27.0667,77.76,83,40,4.07,scattered clouds
513,Luderitz,NA,-26.6481,15.1594,59.04,82,1,19.66,clear sky
514,Yuncheng,CN,35.0231,110.9928,68.54,86,4,5.5,light rain
515,Goiatuba,BR,-18.0125,-49.3547,94.12,26,35,13.02,scattered clouds
516,Buala,SB,-8.145,159.5921,79.59,80,99,2.44,overcast clouds
517,Fort Nelson,CA,58.8053,-122.7002,35.19,100,90,3.44,fog
518,Niny,RU,44.4878,43.9489,51.15,82,100,14.79,moderate rain
519,Sao Gabriel Da Cachoeira,BR,-0.1303,-67.0892,85.8,70,40,6.91,moderate rain
520,Guinticgan,PH,11.5641,123.1236,81.16,83,100,7.05,overcast clouds
521,Suba,PH,10.8438,121.0102,83.7,74,100,3.31,overcast clouds
522,Grootfontein,NA,-19.5667,18.1167,80.17,12,0,8.05,clear sky
523,Shushenskoye,RU,53.325,91.9356,40.68,71,99,16.13,overcast clouds
524,Hienghene,NC,-20.6833,164.9333,71.13,86,100,8.86,light rain
525,Batemans Bay,AU,-35.7167,150.1833,56.19,87,51,4.07,broken clouds
526,Cherskiy,RU,68.75,161.3,3.56,95,23,6.04,few clouds
527,Dhidhdhoo,MV,6.8833,73.1,80.94,77,100,13.82,light rain
528,Chipata,ZM,-13.6333,32.65,78.28,38,64,12.86,broken clouds
529,Corning,US,42.1428,-77.0547,63.61,61,40,3.44,scattered clouds
530,Crotone,IT,39.0851,17.1178,73.35,73,20,4.61,few clouds
531,Maragogi,BR,-9.0122,-35.2225,80.92,73,24,11.12,few clouds
532,Grand Gaube,MU,-20.0064,57.6608,73.38,68,90,5.99,overcast clouds
533,Jishou,CN,28.3167,109.7167,75.61,76,0,1.63,light rain
534,Aliwal North,ZA,-30.6937,26.7114,55.78,90,100,7.0,light rain
535,Alto Araguaia,BR,-17.3147,-53.2153,94.48,27,66,6.64,broken clouds
536,Novaya Bryan,RU,51.7159,108.2691,32.77,74,55,3.36,broken clouds
537,Alexandria,EG,31.2156,29.9553,75.2,65,0,14.45,clear sky
538,Tchollire,CM,8.4022,14.1698,77.94,82,77,2.04,broken clouds
539,Tame,CO,6.461,-71.73,86.92,61,55,2.62,broken clouds
540,Abeche,TD,13.8292,20.8324,90.54,24,18,6.64,few clouds
541,Darab,IR,28.7519,54.5444,83.34,15,12,2.98,few clouds
542,Ibotirama,BR,-12.1853,-43.2206,102.94,18,21,1.63,few clouds
543,Ayan,RU,56.45,138.1667,43.57,69,22,3.24,few clouds
544,Oum Hadjer,TD,13.2954,19.6966,94.68,16,37,5.06,scattered clouds
545,Srandakan,ID,-7.9386,110.2506,73.63,88,83,3.22,broken clouds
546,Kirakira,SB,-10.4544,161.9205,78.78,83,91,3.15,overcast clouds
547,Senneterre,CA,48.3835,-77.2328,53.82,56,66,3.96,broken clouds
548,Bowen,AU,-20.0167,148.2333,68.79,93,6,4.81,clear sky
549,Penzance,GB,50.1186,-5.5371,59.07,71,20,13.8,few clouds
550,Takoradi,GH,4.8845,-1.7554,77.74,84,99,7.76,overcast clouds
551,Tuatapere,NZ,-46.1333,167.6833,45.82,86,100,4.27,moderate rain
552,Birjand,IR,32.8663,59.2211,75.67,12,0,6.91,clear sky
553,Mackay,AU,-21.15,149.2,68.04,88,92,6.46,overcast clouds
554,San Quintin,MX,30.4833,-115.95,76.73,53,0,5.44,clear sky
555,Touros,BR,-5.1989,-35.4608,86.9,62,1,16.28,clear sky
556,Palora,EC,-1.7,-77.9333,82.51,62,78,2.98,light rain
557,La Massana,AD,42.5667,1.4833,57.85,79,100,2.93,overcast clouds
558,Leczna,PL,51.3012,22.8814,52.11,100,75,4.61,broken clouds
559,Aktash,RU,50.3,87.7333,18.03,95,99,1.72,light snow
560,Kanelovskaya,RU,46.5908,39.19,53.28,34,23,13.82,few clouds
561,Chimore,BO,-16.9833,-65.1333,102.6,25,9,6.4,clear sky
562,Kholmogory,RU,64.2229,41.656,44.71,89,100,2.24,light rain
563,Victor Harbor,AU,-35.5667,138.6167,54.0,82,81,8.63,broken clouds
564,Beloha,MG,-25.1667,45.05,75.58,60,0,5.97,clear sky
565,Galveston,US,29.3669,-94.9669,76.12,93,100,1.99,moderate rain
566,Kotlas,RU,61.2611,46.6556,45.18,89,100,4.94,overcast clouds
567,Sovetskiy,RU,61.3614,63.5842,32.85,73,85,4.63,overcast clouds
568,Tucuma,BR,-0.1833,-50.05,91.15,49,23,8.32,few clouds
569,Hukuntsi,BW,-24.0,21.75,75.2,13,9,14.45,clear sky
570,Tra Vinh,VN,9.9347,106.3453,77.49,91,98,3.65,overcast clouds
571,Marawi,PH,7.9986,124.2928,65.64,94,97,2.06,overcast clouds
572,Goderich,CA,43.7501,-81.7165,69.03,59,11,11.5,few clouds
573,Ziro,IN,27.6333,93.8333,59.65,97,82,0.87,broken clouds
574,Ust-Karsk,RU,52.7011,118.8077,30.22,84,13,1.32,few clouds
575,West Fargo,US,46.875,-96.9004,66.97,74,75,3.0,broken clouds
576,Luangwa,ZM,-15.6167,30.4167,81.52,39,1,2.01,clear sky
577,Rock Sound,BS,24.9,-76.2,82.6,67,96,15.95,overcast clouds
578,Cockburn Town,TC,21.4612,-71.1419,82.74,70,32,8.55,scattered clouds
579,Senno,RU,59.5336,33.9167,42.1,90,66,3.87,broken clouds
580,Kachug,RU,53.9606,105.8817,29.19,82,17,2.84,few clouds
581,Marsabit,KE,2.3284,37.9899,72.43,51,94,22.95,overcast clouds
582,Pevek,RU,69.7008,170.3133,19.94,91,58,10.25,broken clouds
583,Bobrovka,RU,54.047,61.7455,40.46,73,83,5.64,broken clouds
584,Siuna,NI,13.7332,-84.7773,86.65,59,15,3.98,few clouds
585,Piacabucu,BR,-10.4056,-36.4344,82.83,67,14,13.67,few clouds
586,Gat,IL,31.61,34.7642,77.81,100,0,10.71,clear sky
587,Porto Novo,BJ,6.4965,2.6036,80.42,80,94,9.44,light rain
588,Bonito,BR,-21.1211,-56.4819,106.41,18,34,10.96,scattered clouds
589,Jalu,LY,29.0331,21.5482,81.5,34,0,9.28,clear sky
590,Khani,GE,41.9563,42.9566,51.37,95,100,3.76,overcast clouds
591,Vucje,RS,42.8653,21.9114,60.01,52,91,2.01,overcast clouds
592,Riyadh,SA,24.6877,46.7219,91.54,9,39,2.08,scattered clouds
593,Sungaipenuh,ID,-2.0833,101.3833,63.77,83,100,2.84,light rain
594,San Andres,CO,12.5847,-81.7006,82.67,75,10,13.29,clear sky
595,Fort Smith,US,35.3859,-94.3986,78.84,78,90,10.36,overcast clouds
596,Grenada,ES,37.1882,-3.6067,79.16,32,20,3.0,few clouds
597,Yinchuan,CN,38.4681,106.2731,68.86,17,20,4.97,few clouds
598,Acapulco,MX,16.8634,-99.8901,87.62,62,20,3.44,few clouds
599,Urucara,BR,-2.5364,-57.76,90.91,53,84,4.83,broken clouds
600,Jinxiang,CN,27.4327,120.6062,76.8,84,75,1.52,light rain
601,Murindo,CO,6.9848,-76.7544,83.28,81,50,1.74,scattered clouds
602,Boddam,GB,57.4667,-1.7833,52.18,69,24,27.25,few clouds
603,Grindavik,IS,63.8424,-22.4338,49.95,81,0,13.8,clear sky
604,Bergen,NO,60.392,5.328,57.65,88,75,13.8,broken clouds
605,Filadelfia,US,39.9523,-75.1638,69.69,48,20,1.01,few clouds
606,Muisne,EC,0.6,-80.0333,84.31,79,97,8.9,overcast clouds
607,Cornelio Procopio,BR,-23.1811,-50.6467,95.43,25,49,9.75,moderate rain
608,Novoleushkovskaya,RU,45.9956,39.9921,54.61,36,100,16.22,overcast clouds
609,Babu,CN,24.4167,111.5167,77.27,86,33,2.33,scattered clouds
610,Joigny,FR,47.9829,3.401,60.82,49,100,7.47,overcast clouds
611,Figeac,FR,44.75,1.9167,61.18,71,100,2.42,overcast clouds
612,Brigantine,US,39.4101,-74.3646,70.32,47,1,2.3,clear sky
613,Pokhara,NP,28.2333,83.9833,70.03,83,91,2.46,overcast clouds
614,Boali,CF,4.8005,18.1275,89.47,89,93,2.24,overcast clouds
615,Knysna,ZA,-34.0363,23.0471,59.38,94,86,8.59,light rain
616,High Level,CA,58.5169,-117.136,50.11,71,20,5.75,few clouds
617,Burnie,AU,-41.0667,145.9167,59.92,93,99,9.82,overcast clouds
618,Guanica,PR,17.9716,-66.908,91.51,64,0,8.01,clear sky
619,Zemio,CF,5.0314,25.1361,73.09,88,97,4.7,light rain
620,Ledyard,US,41.4398,-72.0142,68.18,46,1,4.0,clear sky
621,Acarau,BR,-2.8856,-40.12,86.7,59,32,21.07,scattered clouds
622,Mount Darwin,ZW,-16.7725,31.5838,73.51,39,0,5.3,clear sky
623,Segezha,RU,63.7415,34.3222,44.82,79,100,6.26,overcast clouds
624,Nacozari,MX,25.3366,-108.2574,90.1,54,0,1.5,clear sky
625,Seoni,IN,22.0833,79.5333,74.12,86,97,4.32,overcast clouds
626,Nicoya,CR,10.1483,-85.452,83.75,69,8,2.53,clear sky
627,Arona,ES,28.0996,-16.681,82.31,68,19,1.99,few clouds
628,Vila Velha,BR,-20.3297,-40.2925,80.55,69,20,12.66,few clouds
629,Sola,VU,-13.8833,167.55,79.79,79,99,19.28,very heavy rain
630,Pitimbu,BR,-7.4706,-34.8086,84.79,71,11,12.73,few clouds
631,Port Augusta,AU,-32.5,137.7667,50.7,92,91,4.65,overcast clouds
632,Bikaner,IN,28.0167,73.3,92.14,47,100,7.99,overcast clouds
633,Melfort,CA,52.8667,-104.6177,64.53,32,1,12.66,clear sky
634,Rio Gallegos,AR,-51.6226,-69.2181,51.85,32,75,23.02,broken clouds
635,Neyshabur,IR,36.2133,58.7958,64.74,35,0,4.34,clear sky
636,Nkayi,CG,-4.1841,13.2884,82.89,63,88,7.63,overcast clouds
637,Mackenzie,CA,55.2999,-123.1698,46.62,66,75,9.22,broken clouds
638,Ucluelet,CA,48.9329,-125.5528,52.09,93,54,1.92,broken clouds
639,Aripuana,BR,-9.1667,-60.6333,95.86,36,81,4.41,broken clouds
640,Sungairaya,ID,0.7,108.9,75.6,92,100,7.78,overcast clouds
641,Lashio,MM,22.9333,97.75,68.32,99,4,0.4,clear sky
642,Roald,NO,62.5833,6.1333,59.92,76,40,11.5,light rain
643,Matagami,CA,49.7502,-77.6328,55.51,58,75,9.22,broken clouds
644,Nacogdoches,US,31.6002,-94.6335,76.82,96,90,6.91,moderate rain
645,Sekoma,BW,-24.4,23.8833,79.34,22,94,3.65,overcast clouds
646,Mangrol,IN,21.1167,70.1167,80.47,84,31,8.3,scattered clouds
647,Waingapu,ID,-9.6567,120.2641,78.1,81,69,4.74,broken clouds
648,Mombetsu,JP,44.3525,143.3525,59.86,95,100,1.74,moderate rain
649,Mattru,SL,7.6244,-11.8332,80.47,88,67,4.83,moderate rain
650,Ogdensburg,US,44.6942,-75.4863,63.01,62,75,5.75,broken clouds
651,Bayir,TR,37.2687,28.2167,66.72,44,88,2.19,overcast clouds
652,Makaryev,RU,57.8797,43.8069,43.16,85,87,4.09,overcast clouds
653,Tottori,JP,35.5,134.2333,69.57,68,48,6.78,scattered clouds
654,Portland,US,45.5234,-122.6762,57.52,93,90,1.99,mist
655,Brae,GB,60.3964,-1.353,49.91,76,77,24.27,broken clouds
656,Statesboro,US,32.4488,-81.7832,86.25,57,1,3.44,clear sky
657,Ugoofaaru,MV,5.6667,73.0,81.07,78,100,15.61,overcast clouds
658,Teahupoo,PF,-17.8333,-149.2667,69.76,78,18,20.0,light rain
659,Codrington,AU,-38.2667,141.9667,54.77,93,98,8.3,overcast clouds
660,Yar-Sale,RU,66.8333,70.8333,33.39,92,100,17.83,overcast clouds
661,Vikhorevka,RU,56.1201,101.1636,35.19,89,94,2.19,overcast clouds
662,Taltal,CL,-25.4,-70.4833,64.06,65,10,8.68,clear sky
663,San Jeronimo,PE,-11.9472,-75.2829,64.2,40,25,5.57,scattered clouds
664,Guaranda,EC,-1.6,-79.0,70.11,87,50,6.6,moderate rain
665,Coolum Beach,AU,-26.5333,153.1,57.11,96,21,6.38,few clouds
666,Ouahigouya,BF,13.5828,-2.4216,95.0,31,85,4.29,overcast clouds
667,Camana,PE,-16.6228,-72.7111,67.82,72,45,11.16,scattered clouds
668,Padang,ID,-0.9492,100.3543,75.25,78,100,3.56,overcast clouds
669,Guia De Isora,ES,28.2115,-16.7795,82.72,70,46,1.99,scattered clouds
670,Winona,US,43.9666,-91.7668,81.55,57,1,3.44,clear sky
671,Kayerkan,RU,69.3497,87.7602,27.01,94,99,5.44,overcast clouds
672,Ihosy,MG,-22.4,46.1167,67.98,73,5,9.33,clear sky
673,Jumla,NP,29.2747,82.1838,58.26,94,82,4.0,broken clouds
674,Powell River,CA,49.8496,-124.5361,55.0,93,75,4.61,broken clouds
675,Morrinhos,BR,-17.7311,-49.0994,93.04,28,22,9.55,few clouds
676,Nosy Varika,MG,-20.5833,48.5333,72.12,80,0,10.04,clear sky
677,Isangel,VU,-19.55,169.2667,75.07,86,100,16.24,overcast clouds
678,Kudahuvadhoo,MV,2.6708,72.8944,83.05,71,91,10.27,overcast clouds
679,Goure,NE,13.9835,10.2704,91.02,15,61,3.8,broken clouds
680,Puerto Escondido,MX,15.85,-97.0667,85.55,69,71,5.61,broken clouds
681,Dzhebariki-Khaya,RU,62.2167,135.8,33.73,96,100,2.15,overcast clouds
682,Creel,MX,27.75,-107.6333,62.83,33,0,5.26,clear sky
683,Jackson,US,42.4165,-122.8345,63.64,76,75,4.61,broken clouds
684,Antofagasta,CL,-23.65,-70.4,60.08,68,27,10.65,scattered clouds
685,Carutapera,BR,-1.195,-46.02,86.09,64,78,8.23,broken clouds
686,San Policarpo,PH,12.1791,125.5072,78.04,85,100,2.91,overcast clouds
687,Burns Lake,CA,54.2331,-125.7533,36.82,75,79,4.68,broken clouds
688,Staryy Nadym,RU,65.6118,72.6842,33.6,97,100,16.08,light rain
689,Maromitsa,RU,59.8683,48.0123,45.61,84,100,4.0,overcast clouds
690,Odweyne,SO,9.4092,45.064,78.94,52,96,10.89,light rain
691,Svetlyy,RU,54.675,20.1347,48.25,63,1,7.81,clear sky
692,Kijang,KR,35.2442,129.2139,67.73,79,1,2.46,clear sky
693,Champasak,LA,14.75,106.0,73.76,97,11,1.45,few clouds
694,Astoria,US,46.1879,-123.8313,56.55,96,75,1.01,mist
695,Salinopolis,BR,-0.6136,-47.3561,85.24,64,64,9.93,broken clouds
696,Maraa,BR,-1.8333,-65.3667,86.27,64,100,1.79,overcast clouds
697,Garden City,US,42.3256,-83.331,75.45,52,1,6.91,clear sky
698,Wajid,SO,3.8093,43.2471,83.1,54,100,16.26,overcast clouds
699,La Sarre,CA,48.8002,-79.1996,54.5,73,74,4.9,broken clouds
700,Heishan,CN,41.6892,122.1128,49.08,59,12,2.35,few clouds
701,Tetouan,MA,35.5711,-5.3724,81.48,83,40,5.75,scattered clouds
702,Egvekinot,RU,66.3167,-179.1667,12.72,72,22,8.95,few clouds
703,Ikot Ekpene,NG,5.1794,7.7108,74.43,97,100,5.21,light rain
704,Beihai,CN,21.4833,109.1,83.61,72,1,4.74,light rain
705,Safford,US,32.834,-109.7076,70.93,52,1,5.75,clear sky
706,Zambrow,PL,52.9855,22.2432,49.19,77,73,6.55,broken clouds
707,Ozorkow,PL,51.9634,19.2914,54.88,82,97,8.14,overcast clouds
708,Cozumel,MX,20.5083,-86.9458,87.87,66,40,5.75,scattered clouds
709,Paro,BT,27.4305,89.4133,58.6,93,88,3.11,overcast clouds
710,Ketchikan,US,55.3422,-131.6461,49.98,95,100,14.83,moderate rain
711,Broken Hill,AU,-31.95,141.4333,49.15,93,8,9.22,clear sky
712,Lahan,NP,26.7296,86.4951,79.14,78,36,6.13,scattered clouds
713,Abha,SA,18.2164,42.5053,67.82,77,20,0.0,few clouds
714,Ewo,CG,-0.8725,14.8206,76.1,83,100,4.59,light rain
715,Sao Francisco,BR,-15.9486,-44.8644,100.9,18,17,6.6,few clouds
716,Redmond,US,47.674,-122.1215,58.86,88,56,1.01,broken clouds
717,Turinsk,RU,58.0458,63.696,38.8,58,100,3.83,overcast clouds
718,Weston,US,26.1004,-80.3998,86.02,76,90,4.61,overcast clouds
719,Bend,US,44.0582,-121.3153,58.32,58,20,1.01,few clouds
720,Alyangula,AU,-13.8483,136.4192,77.86,81,57,8.5,broken clouds
721,Vila Franca Do Campo,PT,37.7167,-25.4333,78.19,71,56,3.27,broken clouds
